model,window,n_fit_samples,n_val_anchors,train_seconds,mae_avg_all_steps,mae_step_1,mae_step_2,mae_step_3,mae_step_4,mae_step_5,mae_step_6,mae_step_7,mae_step_8,mae_step_9,mae_step_10,mae_step_11,mae_step_12,mae_step_13,mae_step_14,mae_step_15,mae_step_16,mae_step_17,mae_step_18
xgboost,1,589715,36050,8.424205303192139,13.088013426506897,3.164934750793711,5.267697041123982,6.898671946532187,8.248496682938194,9.428020036461945,10.475865293971047,11.473034320466232,12.443212662907149,13.366612643640018,14.254244582854758,15.09640763958681,15.856348211576803,16.56466981885172,17.289516685369442,17.99291703265186,18.65003594767535,19.27482478592829,19.838731593794698
lightgbm,1,589715,36050,2.9333322048187256,12.9638296714867,3.1637681886621674,5.254784675248054,6.866290906915505,8.192022797582778,9.346766779398607,10.376219504239835,11.35765769009466,12.315747858189505,13.228498490358852,14.104889612620799,14.942894640064116,15.69613107504637,16.395885621281145,17.118494477224868,17.81310673389586,18.46542791914703,19.081418787507165,19.628928329283248
catboost,1,589715,36050,12.11263132095337,13.064586639469614,3.1649380263090157,5.261023943723245,6.876804586402808,8.218109207169917,9.382957756495651,10.421017079538574,11.414762909240663,12.377046674848287,13.307040488194673,14.199835912492706,15.054478201207921,15.82926411338763,16.55674365536499,17.302000764074275,18.010476557613437,18.661379416424857,19.28242171268551,19.842258505278885
xgboost,2,579705,35280,7.235252141952515,12.75137629519785,4.181825729508519,5.36292202272653,7.188535931645608,8.245931121064963,9.399013086349244,10.268388578626844,11.212937582539322,12.092771044015343,12.979423690761298,13.749896786056137,14.489176783918523,15.185427071448085,15.86054627857511,16.569537037786713,17.264666440535564,17.894501453840814,18.520019827948676,19.059252846213965
lightgbm,2,579705,35280,2.418938636779785,12.937382120343827,2.9837094505131683,5.081867997156432,6.758127526589952,8.152272638777218,9.295296878420553,10.33336676055994,11.307632750919682,12.300684638573127,13.246978873934651,14.136324399175829,14.945078392518976,15.715098728752443,16.440813642145198,17.166300968794214,17.85220341743831,18.484420225334233,19.066766994551674,19.605933882033295
catboost,2,579705,35280,13.528362035751343,12.86844631494468,3.012349696177826,5.109373380041607,6.780821570084979,8.161870971414967,9.312291633008128,10.356415117753091,11.336949759824371,12.337922259617653,13.289073773031069,14.192679981434562,14.992368561715658,15.729683232116376,16.407645510567733,17.072050770483095,17.67798658897738,18.205382206598973,18.6384813473062,19.01868730885055
xgboost,3,569800,34510,9.275171279907227,12.552791790670673,2.9951661142256945,5.07578406785751,6.650217792131838,8.00540482093548,9.165859681590678,10.183346871989805,11.127354413023966,12.04329878686304,12.869693621909297,13.633201930737778,14.38303150629106,15.128890057820508,15.854236222308327,16.585467269309394,17.20629290324023,17.780888053210912,18.351859358392637,18.910258760233955
lightgbm,3,569800,34510,2.617297410964966,11.719939335543097,3.1588635540143044,5.065187194832221,6.551905411594861,7.748170291229197,8.806361866950137,9.68293968226983,10.530039806700662,11.312541880713448,12.042863891589915,12.718983836500584,13.373515210883106,14.011486987524146,14.651903440223657,15.261112728513087,15.775860874416633,16.262466624301364,16.750878753478837,17.25382600403979
catboost,3,569800,34510,12.19973611831665,12.685596121128064,3.0207751159551646,5.10068951423482,6.680102954902472,8.017937888858583,9.21572809891346,10.232286402121177,11.203800551623699,12.126061214064466,12.970573397072474,13.767432534287149,14.547781806888247,15.320444467629168,16.05684498199757,16.772752111617763,17.419192778615557,18.030308762354696,18.638491924729276,19.219525674439414
xgboost,4,559895,33740,8.131914377212524,12.24447642838084,3.015977920324193,5.0961921244170725,6.698640497068576,7.956246066361966,9.058152258148827,10.037415593208896,10.95479301719462,11.832451357386418,12.611761913740501,13.337595523456603,14.06498346017816,14.742209473289394,15.379273516480287,16.020363674830882,16.59261702179697,17.127562483881942,17.683666492003127,18.190673317086716
lightgbm,4,559895,33740,2.9246606826782227,12.377643097712259,3.0211492647363754,5.102524851076261,6.719640963893648,8.003531835517359,9.121552350445237,10.119819618732366,11.053168853460997,11.93370942338006,12.724428244454428,13.475460518935426,14.216985204185931,14.90146562911982,15.553035026525501,16.22104156571576,16.821352883976697,17.378044790378517,17.95462206169971,18.47604267258657
catboost,4,559895,33740,11.95545768737793,12.706584199638058,3.048410556366411,5.147109849162743,6.774828383158462,8.092423418222507,9.255654506582852,10.302680295162073,11.278611462335894,12.218039490550286,13.08598686812499,13.914635970939914,14.71255006826729,15.450061999976846,16.13402257565355,16.7960324777429,17.375487690002785,17.88163755829454,18.404635232561258,18.84570719037977
xgboost,5,549990,32970,8.699070692062378,12.11477920673126,2.9976042271094285,5.053970757606791,6.636666087508383,7.927899839605459,9.012201093882549,10.01004497237664,10.903773212519638,11.712711414988561,12.45732534476255,13.176867105138639,13.904363175063267,14.604473672854672,15.228025345343838,15.833262668987965,16.370009397599855,16.875482039354697,17.422824705735387,17.938520660724357
lightgbm,5,549990,32970,3.904017686843872,12.38094278645971,3.002351688357595,5.07977078885705,6.689233586858109,8.012147038429314,9.142519577613012,10.183005567073389,11.110877214852227,11.952185653517683,12.729273109786048,13.484613638232048,14.237094383688948,14.958130798835654,15.604206305140924,16.219912083188856,16.783250043666477,17.316779748162993,17.898056635714887,18.45356229429962
catboost,5,549990,32970,13.539150953292847,12.578538147641707,3.0367617228441444,5.101491527747556,6.68548561724316,7.9989275147975345,9.14269748158282,10.195374102729284,11.163708461149293,12.053566865551357,12.878594661309824,13.683644310600682,14.484122504881915,15.271600721843845,15.984145271204437,16.636205586590762,17.20753916864395,17.753695265623016,18.31415495566244,18.821970917544707
xgboost,6,540085,32235,8.288243055343628,12.230456514908967,3.016524191658608,5.101883426865663,6.710513339272687,8.041631006968933,9.183574147651191,10.128778822662037,11.016764564804093,11.881458465779717,12.681793877015988,13.435243595502572,14.101127812672683,14.710023069906848,15.286597065003283,15.90260232481935,16.476670279073147,17.011414241184276,17.5126581773363,17.94895886018403
lightgbm,6,540085,32235,3.3584065437316895,12.40028668090534,3.0055901515737724,5.102538711938156,6.729927107540529,8.083066444998519,9.25705882559581,10.224845903588125,11.131190419129448,12.00474175321799,12.819618897720561,13.59067396555101,14.28611210247283,14.919505232426554,15.532702730010417,16.17317208156732,16.776634012489474,17.338793426812586,17.878836671330106,18.350151818332897
catboost,6,540085,32235,13.408820390701294,12.60463871254828,3.0352686743399238,5.127198574708948,6.745781675095209,8.090251298882976,9.26412705210969,10.254752378965277,11.180008247408423,12.09518011871384,12.962703983381456,13.786291436913807,14.546206962221662,15.236115197506512,15.905590613409224,16.59281067869972,17.2281590646291,17.796423022778352,18.308223312019475,18.728404534085467
xgboost,7,530180,31465,8.304375171661377,12.37869993394017,3.0166570106068686,5.083097463280754,6.688347147698056,8.075443015044772,9.20659715066592,10.22327485047405,11.138984824931812,11.991211876838134,12.796741440859543,13.581567860968102,14.298532644235783,14.967366553269754,15.608375089346236,16.197934073922973,16.710352485834957,17.241802816059106,17.760194276948813,18.230118229937407
lightgbm,7,530180,31465,2.9621596336364746,12.702366951232749,3.0158848680650574,5.093207611767804,6.713017648433434,8.112959435857226,9.26807637687627,10.316890293059886,11.273008589534905,12.173054978393496,13.028125336877691,13.869495568735829,14.647732142597471,15.392603386421792,16.101934949892428,16.762515179444417,17.333551839866576,17.936249405678605,18.530340186785303,19.07395732390129
catboost,7,530180,31465,12.234930992126465,12.309172317669015,3.0427782072773795,5.115387401048914,6.717359469439632,8.113352250930323,9.264998521426884,10.293653075226949,11.21123262357648,12.05219941269052,12.83145598378019,13.57746280707348,14.262829501385843,14.893383493317254,15.473129934587762,16.01232209237909,16.48615195797162,16.972112522084103,17.4305395973171,17.81475286652874
xgboost,8,520275,30730,7.613228797912598,12.536286368209542,3.008847514139182,5.08492446785209,6.708794693305987,8.066092355407259,9.235768306693696,10.26261814463771,11.237541349679764,12.137125255461822,12.972411798042076,13.782373547391087,14.520866744106304,15.219676316246085,15.894235135148877,16.4906944083733,17.047578793149253,17.542707139476672,17.99946240947412,18.441436249186463
lightgbm,8,520275,30730,2.9563519954681396,12.497541709567475,3.0196818951349957,5.071925965343618,6.6875855033092275,8.044481891890495,9.195517668678274,10.214533818176996,11.190000541684954,12.09481419350465,12.94107151370815,13.751611496268158,14.493839038241381,15.189963160490255,15.874622397495514,16.45369093091274,17.005255733401714,17.48164064548158,17.91360171979251,18.33191265869933
catboost,8,520275,30730,12.923943281173706,12.599064098591871,3.0349807292466515,5.09638217052577,6.709790899274612,8.070369548187799,9.227262702284225,10.263405636400524,11.254987814085583,12.196776807068826,13.040869033615026,13.87020112821565,14.640410935738325,15.35949549199487,16.058028383494605,16.652270865330085,17.18193475450176,17.636757635875068,18.046541603839117,18.442687634975176
xgboost,9,510370,29995,8.411919355392456,12.647912460586873,3.0356308591308188,5.156891052276617,6.7840297728861385,8.182532063856346,9.37452764089832,10.419352506728824,11.41731271872542,12.360776223324004,13.192243684596033,13.939577718010781,14.654429113429712,15.339728013140537,15.999001923599408,16.62817843196034,17.13816946786053,17.58303569393727,18.015704784720793,18.441302621481835
lightgbm,9,510370,29995,3.025824785232544,12.666948292704724,3.0257982863992545,5.14567885908415,6.7681280106295745,8.157772319697735,9.342405893307756,10.386137925173026,11.385858496112672,12.329765389692003,13.177335020292045,13.939614744945594,14.678824318563043,15.37377123846822,16.046592825467286,16.687240712818195,17.20558264630695,17.678218939522353,18.11968273331955,18.556660908885583
catboost,9,510370,29995,12.721911430358887,12.906838743835307,3.055493090093093,5.17655906699184,6.7871780408202955,8.175177379910611,9.367474731049029,10.436901749898624,11.467345552421936,12.443444601346485,13.331917745612747,14.156613513585244,14.932854002928057,15.675841031161003,16.415404003743635,17.117645202936885,17.685410008947365,18.196023714219073,18.708718455515545,19.193095497854085
xgboost,10,500500,29225,7.824599742889404,12.823441690430986,3.0260152182729962,5.145276277279425,6.846183864309606,8.236374153026258,9.497397697455257,10.568473648058236,11.526504659138753,12.453696508350486,13.329044464607337,14.179489143051788,14.978322665146827,15.682490911557187,16.271344803939833,16.85867540501447,17.34669016267827,17.829727480376857,18.304384524930327,18.74185884056385
lightgbm,10,500500,29225,2.874912738800049,12.886732691019922,3.021825397913183,5.138821569760164,6.829781279385462,8.21765568634954,9.475865750601892,10.54613365151341,11.504471230240782,12.45013932019458,13.33090098204319,14.212547346621706,15.052731632216545,15.78761979511661,16.405489564601165,17.01276736587008,17.524677501419134,18.018459840732387,18.505834966209388,18.9254655575694
catboost,10,500500,29225,12.631796598434448,13.220762134129261,3.0501058764537956,5.161952621869099,6.842161049993163,8.247355604601516,9.547668540161087,10.668888230725447,11.686957280025789,12.692490462544924,13.626808900452206,14.554970588756827,15.432936774739353,16.21734651842127,16.89737861697441,17.567202531811283,18.144014071014265,18.705671688562774,19.228626183075175,19.70118287414434
xgboost,11,490630,28490,7.792307376861572,13.387177823948454,3.0711126100560917,5.2366642013019575,6.9821794359254685,8.437307495567078,9.69618844232797,10.885278684509641,11.974663084437864,12.976232994242944,13.915016309283581,14.81035916779325,15.686658855637738,16.493566105615972,17.206738384082133,17.83808439662474,18.327538602433318,18.761135043743074,19.15391625310296,19.516560764386387
lightgbm,11,490630,28490,3.49275279045105,13.26204635923196,3.0652922648423075,5.213026247611151,6.926707340347424,8.354505388962458,9.591903201171496,10.769552692636115,11.842652191052569,12.83565117729765,13.753616534829858,14.636863732085427,15.504455043837904,16.306304935998075,17.021332232937898,17.658722815339036,18.16017218083033,18.626640549213963,19.041213559775134,19.408222377406446
catboost,11,490630,28490,12.699596643447876,13.452834626322534,3.0889887161983856,5.252821332151575,6.97764944049178,8.414576550820069,9.672681404305926,10.890697730040488,12.00302756426864,13.023481840412748,13.964581656582215,14.893231092267046,15.788599659941184,16.601984914667298,17.31875739083833,17.964309462579543,18.45799879357379,18.9047763071055,19.291472582070412,19.641386835490675
xgboost,12,480865,27755,7.9315879344940186,13.623536231625216,3.115840014507697,5.317018972158733,7.07205014703854,8.540347012406619,9.891833118403673,11.114515450459905,12.205101477462007,13.245689494621429,14.176521298245811,15.083585552970819,15.954136411694014,16.784090770349657,17.494839342296327,18.14861268057434,18.640442659807213,19.094868244108607,19.507443865688614,19.83671565645988
lightgbm,12,480865,27755,3.535719156265259,13.575699259420388,3.107919066265905,5.2852524252577995,7.0231881779989624,8.47743259728901,9.809644599001004,11.013071714942976,12.11005043706489,13.147410983978785,14.077316179706152,14.996793992076956,15.904607496888511,16.745790591773773,17.466089107502775,18.128149526043032,18.628923366400088,19.087448718499967,19.50574309716358,19.84775459171279
catboost,12,480865,27755,12.591952800750732,13.461948385366185,3.1126470149536813,5.299424283060323,7.026952167420453,8.466784488779139,9.800250372994022,11.00380375343963,12.104283399054111,13.14922874174136,14.069316838630728,14.967846949319268,15.831314336866352,16.610319187122172,17.272978118147833,17.878240137548357,18.346008245265804,18.7646866412705,19.148382675692716,19.462603585284885
xgboost,13,471135,27020,7.86968469619751,13.896660185201418,3.127676177571916,5.3755960149645015,7.20571592487643,8.773521767255556,10.086961365875538,11.270869681289865,12.363994463984831,13.436946391706375,14.469001243133883,15.42432702189459,16.31177556442385,17.139369832454655,17.886176950043875,18.580176415997553,19.102699321009865,19.539239303735695,19.8847902237266,20.161045669679904
lightgbm,13,471135,27020,3.4425220489501953,13.825027228178918,3.135860420939237,5.370982078277167,7.18009520856209,8.724543720504792,10.013320840105292,11.169386406474064,12.248176708520933,13.329763014945877,14.36943786224962,15.341269946177862,16.253672863666264,17.099624781192066,17.84178808904483,18.511636117556073,19.01528506023959,19.43852529833278,19.770995536141466,20.036126154290493
catboost,13,471135,27020,12.369495153427124,14.106632670756028,3.155940010092361,5.4019931342219705,7.206606156461434,8.764958955935,10.112351956856484,11.33170159079126,12.470959285381786,13.600674296272718,14.692710982143508,15.707446611829582,16.64790080715521,17.52868999106737,18.28699322871031,18.96738317701694,19.482274689664617,19.881104803776957,20.215132581343425,20.464565814887564
xgboost,14,461405,26285,7.895370006561279,14.053546582800623,3.150182537726855,5.439055268547257,7.273250686213025,8.765688905793949,10.070125397697973,11.302733587824122,12.408184344817958,13.46813221148309,14.521083538773079,15.537904561960541,16.531238923808434,17.466220286664843,18.234959371275426,18.895355868398497,19.40314909303871,19.817919074906264,20.167179652622767,20.511475178858433
lightgbm,14,461405,26285,3.4751968383789062,14.10689923535764,3.13944081007788,5.408281892497989,7.249019541429299,8.733709472295255,10.031031207292038,11.271352164630908,12.393878271339927,13.48043859463514,14.57418275679222,15.650429386802719,16.677142175448445,17.601078613050298,18.35954701539582,19.00782786835623,19.51228321041937,19.93397791030312,20.277221067827117,20.623344277843735
catboost,14,461405,26285,12.216259241104126,14.238488118294022,3.147683771524879,5.384523662299508,7.193066662522689,8.672640436798183,9.989199486935084,11.264388992178588,12.433405032615278,13.56601452982491,14.670413068942244,15.757340296834943,16.81044983969788,17.771857017940743,18.584036075257117,19.276984870202913,19.827824494133925,20.28035539548663,20.646983208774238,21.015619287322586
xgboost,15,451675,25585,8.335621356964111,14.372515336028957,3.1639454262923374,5.4762006415597675,7.31283569991973,8.909597243353192,10.313831161012962,11.582696162841271,12.759219636482863,13.922622807696388,14.988098403963466,15.979229837119032,16.924319950630824,17.804908210615732,18.58997399511108,19.341084023856407,19.879761416114864,20.280587459025217,20.591310495060124,20.885053477865984
lightgbm,15,451675,25585,4.238576650619507,14.303225992929507,3.149441510616281,5.432503295265405,7.239188076699093,8.81648374677239,10.192198983204621,11.452231259198062,12.630853453983626,13.807847930544629,14.895611541470721,15.914561020141605,16.877796537459556,17.75927799876767,18.53732897834413,19.278563511759504,19.81547093383377,20.217458633002025,20.55155121858271,20.889699243085342
catboost,15,451675,25585,12.06600046157837,14.388227767015884,3.1724445074548955,5.452257035993691,7.2286435158751035,8.787451151009396,10.17904923438051,11.466058369140756,12.690390769944152,13.90836969108636,15.028740867675767,16.07097732789337,17.046575775986042,17.9290138518034,18.702189066461266,19.426706462681395,19.957159193800084,20.32882854047801,20.6530481345314,20.960196310090296
xgboost,16,441980,24850,8.32362699508667,14.610825483636411,3.188076752752845,5.520695692710953,7.411220204527949,9.022764071612292,10.427690811617753,11.715687912877657,12.908253908214915,14.117644772443253,15.256455738827496,16.35315522468306,17.32123349042006,18.179230785101232,18.909996458241636,19.623904517191036,20.184534575617768,20.61984852658431,20.957709030059263,21.27675623197191
lightgbm,16,441980,24850,3.5986156463623047,14.587496302821348,3.1767583353111553,5.483262970849433,7.362900976223116,8.957424372497211,10.36795211410682,11.665614524381986,12.88397637110838,14.112908034395282,15.290974303403095,16.41002720141694,17.36862545921571,18.199292050554337,18.906898555601103,19.581749736881292,20.114555093634667,20.55019403627689,20.89968033209744,21.24213898282945
catboost,16,441980,24850,11.958171129226685,14.63901790435515,3.1884008135648685,5.500826692537275,7.3530609926533375,8.933015106799857,10.329054903749041,11.625645931655558,12.862848548405882,14.071584520988576,15.217234328913998,16.327606014273606,17.315105936366347,18.195280947769568,18.970699189721365,19.722278150007618,20.326364011641335,20.800546878367477,21.201568705625316,21.561200605351665
xgboost,17,432285,24115,8.17784333229065,14.665727013091791,3.1676693664209097,5.513531544127949,7.360576127708984,8.924004899162785,10.35027050862242,11.755951878759047,13.025659692215767,14.267082410824637,15.46498088358152,16.535270972808515,17.48426968619805,18.343479674875354,19.023107512155907,19.63654693660463,20.168029192901365,20.610563027233397,20.99312178271454,21.358970138736467
lightgbm,17,432285,24115,3.5483508110046387,14.700596285649844,3.1834548253038775,5.527911711232162,7.374052891548705,8.939400671015486,10.35206456547871,11.754041657343182,13.011819604231402,14.24627420676315,15.440727692496516,16.52502965999663,17.498008496629136,18.398398681604718,19.124316254288793,19.737093346232044,20.253235493613136,20.696964450210366,21.082384794207442,21.465554139501734
catboost,17,432285,24115,12.8213632106781,14.764260467299758,3.179149843229782,5.4684714359252355,7.276807487843645,8.832551057671601,10.264305775890847,11.705862301391406,13.004614864879619,14.260945954184972,15.457820935052641,16.565922696804293,17.543930489670547,18.473943707571763,19.23666231932547,19.901707590704756,20.47756120576822,20.969803088713917,21.37949973046925,21.757127926297727
xgboost,18,422590,23380,8.166373252868652,15.032290104964922,3.216343923916258,5.560518338845467,7.502060077494286,9.2117996653091,10.76574524225997,12.23401592440642,13.62324855664125,14.956615121023995,16.13904934728931,17.205080738834482,18.080404785130145,18.78980715435932,19.35608754088677,19.897416587157366,20.361688447794005,20.829939991842487,21.255849967806434,21.59555047837152
lightgbm,18,422590,23380,3.7941951751708984,14.933885755915586,3.2259733594772184,5.577415983804268,7.493527776242066,9.148990983637388,10.641585419134644,12.049258945334305,13.384130379949742,14.703525267136584,15.89440399989468,17.00806029153583,17.932076306537517,18.684058960725334,19.286599397275367,19.848663910781575,20.326472092117225,20.80224484553253,21.231933416208125,21.571022271156146
catboost,18,422590,23380,12.66550612449646,15.116228297714336,3.2175354111137215,5.537791678562919,7.444896171116409,9.105513699291619,10.630032712133994,12.086416633495688,13.436928492094154,14.741381117124135,15.929702717204151,17.044779788830247,18.03566070931812,18.857665665869213,19.536533557935453,20.187563041465122,20.75800755744814,21.337301094713364,21.883234598610958,22.32116471253065
